{"cameraMode":{"drawMode":0,"name":"Shaded","section":"Shading Mode"},"sceneLighting":false,"audioPlay":false,"sceneViewState":{"m_AlwaysRefresh":false,"showFog":true,"showSkybox":false,"showFlares":true,"showImageEffects":true,"showParticleSystems":true,"showVisualEffectGraphs":true,"m_FxEnabled":true},"in2DMode":false,"pivot":{"x":-1.887634515762329,"y":4.020762920379639,"z":0.1001090481877327},"rotation":{"x":0.07915276288986206,"y":0.11965151131153107,"z":-0.00956475455313921,"w":0.9896529316902161},"size":11.960921287536621,"orthographic":false}