{"cameraMode":{"drawMode":0,"name":"Shaded","section":"Shading Mode"},"sceneLighting":false,"audioPlay":false,"sceneViewState":{"m_AlwaysRefresh":false,"showFog":true,"showSkybox":false,"showFlares":true,"showImageEffects":true,"showParticleSystems":true,"showVisualEffectGraphs":true,"m_FxEnabled":true},"in2DMode":false,"pivot":{"x":0.5928459763526917,"y":218.30215454101563,"z":-1.33577299118042},"rotation":{"x":0.07915276288986206,"y":0.11965151131153107,"z":-0.00956475455313921,"w":0.9896529316902161},"size":146.04324340820313,"orthographic":false}