{"cameraMode":{"drawMode":0,"name":"Shaded","section":"Shading Mode"},"sceneLighting":false,"audioPlay":false,"sceneViewState":{"m_AlwaysRefresh":false,"showFog":true,"showSkybox":false,"showFlares":true,"showImageEffects":true,"showParticleSystems":true,"showVisualEffectGraphs":true,"m_FxEnabled":true},"in2DMode":false,"pivot":{"x":19.892091751098634,"y":-3.0507893562316896,"z":2.6351256370544435},"rotation":{"x":0.07992640137672425,"y":0.6581375598907471,"z":-0.07055345177650452,"w":0.745375394821167},"size":11.960921287536621,"orthographic":false}