{"cameraMode":{"drawMode":0,"name":"Shaded","section":"Shading Mode"},"sceneLighting":true,"audioPlay":false,"sceneViewState":{"m_AlwaysRefresh":false,"showFog":true,"showSkybox":true,"showFlares":true,"showImageEffects":true,"showParticleSystems":true,"showVisualEffectGraphs":true,"m_FxEnabled":true},"in2DMode":false,"pivot":{"x":-79.84900665283203,"y":95.03411102294922,"z":-157.39968872070313},"rotation":{"x":-0.3229009211063385,"y":-0.08072121441364289,"z":0.027743972837924959,"w":-0.9427329301834106},"size":117.62838745117188,"orthographic":false}