{"cameraMode":{"drawMode":0,"name":"Shaded","section":"Shading Mode"},"sceneLighting":true,"audioPlay":false,"sceneViewState":{"m_AlwaysRefresh":false,"showFog":true,"showSkybox":true,"showFlares":true,"showImageEffects":true,"showParticleSystems":true,"showVisualEffectGraphs":true,"m_FxEnabled":true},"in2DMode":false,"pivot":{"x":12.177513122558594,"y":17.07672691345215,"z":-36.158958435058597},"rotation":{"x":-0.09693978726863861,"y":0.08149249106645584,"z":-0.013473788276314736,"w":-0.992621898651123},"size":4.394545555114746,"orthographic":false}