{"cameraMode":{"drawMode":0,"name":"Shaded","section":"Shading Mode"},"sceneLighting":true,"audioPlay":false,"sceneViewState":{"m_AlwaysRefresh":false,"showFog":true,"showSkybox":true,"showFlares":true,"showImageEffects":true,"showParticleSystems":true,"showVisualEffectGraphs":true,"m_FxEnabled":true},"in2DMode":false,"pivot":{"x":2.520824432373047,"y":14.994598388671875,"z":3.5764732360839845},"rotation":{"x":-0.15583369135856629,"y":-0.012608492746949196,"z":-0.005213823635131121,"w":-0.9883251190185547},"size":0.8660253882408142,"orthographic":false}